YouTubel,status,name,track,day,organization,photo,linkedin,linkedin2,twitter,twitter2,title,abstract,description,bio
,confirmed,Joanne Rodrigues,1,1,Edwards Lifesciences,Joanne Rodrigues.png,https://www.linkedin.com/in/joanne-rodrigues/,,,,Observability in Complex Environments,"Explore the journey of building observability across complex, multi-platform environments. Learn how to overcome data silos, connect the dots across your technology landscape, and advance your observability practice.",,"Joanne Rodrigues is a Senior Observability Architect with extensive experience helping large organizations build and evolve their monitoring and observability practices. She developed her own Tool Consolidation Roadmap, a strategy designed to help companies simplify their monitoring landscape and reduce tool overhead. She shares this approach with organizations worldwide, helping them navigate the journey from fragmented monitoring to mature, scalable observability."
,confirmed,Igor Muralhes,1,1,ZenerIM,Igor Muralhes.png,https://www.linkedin.com/in/igormuralhes/,,,,Beyond Software: Applying SRE to Industrial Critical Systems,"SRE is typically associated with cloud platforms and software services, but many of its core principles can be applied to industrial operations as well.
Through practical examples from connected industrial automation systems, this talk shows how observability, incident management, root cause analysis, and reliability engineering help maintain critical physical assets. The session offers a unique perspective on how SRE practices can bridge the gap between software and the real world.",,"As a Technical Support Engineer at Ecolab, I support connected industrial systems across Latin America, specializing in industrial IoT, automation, instrumentation, and remote diagnostics. My work involves troubleshooting critical operations, investigating incidents, and improving the reliability of industrial assets. I am particularly interested in the intersection between reliability engineering, industrial operations, and modern monitoring practices."
,confirmed,Joao Hugo Ferreira,1,1,ECI Software Solutions,Joao Hugo Ferreira.png,https://www.linkedin.com/in/joaohugo-devops/,,,,Are Seniors Still Necessary?,Why the rise of AI makes deep engineering experience more valuable than ever – not less.,,Senior DevOps & Platform Engineer with 8+ years of experience building and running cloud-native infrastructure on Azure and AWS.
,confirmed,Leandro Fachinelli,1,1,IBM,Leandro Fachinelli.png,https://www.linkedin.com/in/fachinelli/,,,,From Copilot to Autopilot: When Should an SRE Let AI Touch Production,"AI is starting to move beyond helping SREs investigate incidents and into actually taking action. That raises an important question: when is it safe to let an AI agent change something in production?
This talk explores that transition from AI copilots to more autonomous SRE agents. We’ll look at practical ways to control that autonomy, including human approval, least privilege, policy enforcement, blast radius, dry runs, rollback, observability, and continuous evaluation.
Using real-world incident scenarios, I’ll show where AI can add value today, where it should still stop and ask for help, and what needs to be in place before we let it act on its own.
The goal is not to replace SREs. It is to reduce repetitive operational work while keeping production safe, observable, and under control.",,"Senior Site Reliability and Observability Engineer with extensive experience in enterprise infrastructure, cloud technologies, monitoring, automation, and reliability engineering. Specialized in observability platforms such as Instana, Dynatrace, Splunk among others, and in building scalable solutions that improve operational efficiency, visibility, and system resilience. Passionate about automation, infrastructure architecture, and the practical application of AI to solve complex technical challenges."
,confirmed,Thiago Rodrigues Silva,1,1,Bosch Digital,Thiago Rodrigues Silva.png,https://www.linkedin.com/in/trsilva/,,,,From Prompt to Production: Speeding Up AI Agents Deployment on Google Cloud with Natural Language Using Gemini CLI,"How to Integrate Agent Development Kit (ADK), Cloud Run, and Gemini Enterprise into a Prompt-Driven DevOps Pipeline to Replace Complex Scripts with Natural Language, Along with IAM Security and Governance.
The era of artificial intelligence agents has presented a new challenge for SRE, Platform Engineering and DevOps teams: how can they quickly deploy, version, and scale agent-based systems without compromising infrastructure security?
In this 25-minute session, we’ll present how to build an intelligent harness capable of translating natural language intentions directly into the Gemini CLI to orchestrate the full deployment lifecycle of agents and custom skills. Let's dive in the operational side of deploying and running AI agents and focus on infrastructure, reliability, automation, observability, deployment workflows, and reducing operational toil.
What you’ll learn in this session:
Architecture & Security: How to implement the principle of least privilege by separating Deployment Service Accounts (Deployer SA) from Runtime Service Accounts (Runtime SA), and Agent Platform Identity (Platform ID SA) on Google Cloud Platform.
Agent Development: Modular development of agents and tools in Python using the Google Agent Development Kit (ADK) and google-agents-cli.
Deployment and Operational Side: Container packaging and deployment on Google Cloud Run and the Gemini Enterprise Agent Platform. Infrastructure, reliability, automation, observability, deployment workflows, and reducing operational toil.
Natural Language Harness: How to create system instructions to transform the Gemini CLI into a secure, autonomous, and deterministic DevOps operator.",,"With over 26 years of IT experience, I am a Senior DevOps Engineer at Bosch Digital, where I provide consulting and support for cloud computing services using leading providers such as Azure, AWS, GCP, and OCI. I also have experience with infrastructure as code (IaC), automation, containerization, orchestration, and observability, using tools such as Terraform, Ansible, Docker, Kubernetes, and Observability (Prometheus + Grafana / LGTM stack + New Relic).
Former Sr. Multicloud Architect focused on Google Cloud solutions. Coordinator, Speaker, Mentor and Panelist at TDC Floripa, TDC São Paulo and Devopsdays Campinas 2025 and 2026."
,confirmed,Alexandre Monteiro,1,1,Itau Unibanco,Alexandre Monteiro.png,https://www.linkedin.com/in/alemonteiroficial/,,,,From Automation to Agentic Operations: The Next Frontier of SRE,"Modern SRE practices have evolved from manual operations to highly automated platforms, with Infrastructure as Code, CI/CD, observability, and automated incident response becoming standard components of reliable systems.
The next evolution is the introduction of AI agents into operational workflows.
This talk explores the transition from deterministic automation to Agentic Operations, where AI-powered agents can analyze telemetry, correlate events, assist with incident investigation, recommend remediation actions, and potentially execute operational tasks under well-defined guardrails.
We will discuss the opportunities and challenges of bringing agentic AI into SRE environments, including observability, incident management, human-in-the-loop workflows, security, permissions, reliability, and the risks of autonomous actions.
The session will focus on practical architecture patterns and real-world operational scenarios, showing how SRE teams can gradually introduce AI agents without losing control, auditability, or reliability.
The goal is not to replace SREs with AI, but to explore how AI can become a new operational layer that helps engineers move from reacting to incidents toward more proactive and intelligent reliability engineering.",,"Alexandre Monteiro is an IT professional with more than 19 years of experience in technology, with a strong background in DevOps, SRE, Platform Engineering, Cloud Infrastructure, and automation.
Throughout his career, he has worked with enterprise environments and critical systems, focusing on cloud platforms, Kubernetes, Infrastructure as Code, CI/CD, observability, automation, and reliability engineering.
His experience includes working with Microsoft Azure, AWS, GCP, Kubernetes, Terraform, Azure DevOps, GitHub Actions, Prometheus, Grafana, and other cloud-native technologies.
More recently, Alexandre has been exploring the intersection between cloud operations, SRE, automation, and Generative AI, including AI agents and their potential applications in modern operational environments.
He is passionate about automation, reliability, cloud-native platforms, and the evolution of how engineering teams build and operate systems at scale."
,confirmed,Felipe Pereira,1,1,Máquina de Dados,Felipe Pereira.png,https://www.linkedin.com/in/pereira-felipe/,,,,Harness Engineering for Real: Building the Environment Where AI Can Actually Deliver,"AI is rapidly changing how data engineers write code, build pipelines, troubleshoot failures, and maintain complex data platforms. But getting real value from AI requires more than giving an agent access to a repository and asking it to generate code. Harness Engineering is about designing the environment around AI agents — providing the right context, tools, documentation, tests, observability, guardrails, and feedback loops so they can reliably understand, modify, validate, and operate data systems.
In this talk, we will explore what Harness Engineering looks like in the context of modern Data Engineering. From data contracts, schemas, lineage, and pipeline metadata to automated testing, CI/CD, observability, MCP, and agent-friendly repositories, we will discuss how to make data platforms AI-operable by design. The goal is to move from AI as a coding assistant to AI as an engineering collaborator: capable of diagnosing pipeline failures, implementing transformations, validating data quality, navigating complex dependencies, and safely contributing to production-grade data systems.",,"With two decades of experience in Information Technology, and postgraduate studies at FGV and Unicamp, Felipe Pereira is an Entrepreneur and Speaker. As an Entrepreneur, he has founded Máquina de Dados, a consultancy company that helps businesses be more strategic and innovative using Analytical Intelligence and Artificial Intelligence. He is also a Speaker, having lectured at major innovation & technology events such as Google Datafest and Singularity University."