id,name,url
10pines,10 Pines,https://www.10pines.com
20tab,20tab,https://www.20tab.com/en/
7bulls,7bulls,https://www.7bulls.com/en
80level,80 Level,https://80.lv
absio,Absio,https://www.absio.com
adl,Aval Digital Labs,https://www.adldigitallab.com
adversa,Adversa,https://adversa.ai/
aerospike,Aerospike,https://www.aerospike.com
aiven,Aiven,https://aiven.io
alwaysdata,Alwaysdata,https://www.alwaysdata.com/en/
amestofortytwo,Amesto Fortytwo,https://www.amestofortytwo.com/
andela,Andela,https://www.andela.com/
apa,APA Tech,https://apa.at/about/apa-tech/
applitools,Applitools,https://applitools.com/?utm_source=virtual-event&utm_medium=events&utm_content=virtual-event&utm_term=220127-conf42-python-2022&utm_campaign=220127-conf42-python-2022
arato,Arato AI,https://arato.ai/?utm_source=conf42&utm_medium=email&utm_campaign=Conf42_mail
aspecto,Aspecto,https://aspecto.io/?utm_source=conf42-2021&utm_medium=referral 
astronomer,Astronomer,https://www.astronomer.io/
autify,Autify,https://autify.com/?utm_campaign=conf42s&utm_source=conf42&utm_medium=conf42
aviator,Aviator Technologies,https://www.aviator.co/
aws,Amazon Web Services (AWS),https://aws.amazon.com/
balsamiq,Balsamiq,https://balsamiq.com/
barbara,Barbara IOT,https://barbaraiot.com/
batch,Batch,https://batch.sh/
behalf,Behalf,https://www.behalf.com/
bigabid,Bigabid,https://www.bigabid.com/
blameless,Blameless,https://www.blameless.com/
bol,bol.com,https://www.bol.com/nl/?country=BE&approved=true&language=nl-BE
boomer,BoomerTechnologyGroup,https://www.boomertechnologygroup.com/
bpb,bpb online,https://bpbonline.com/
buildly,Buildly,https://www.buildly.io/
bunnyshell,Bunnyshell,https://www.bunnyshell.com/
bxblue,bxblue,https://bxblue.com.br
capeprivacy,Cape Privacy,https://capeprivacy.com/
capgemini,Capgemini,https://www.capgemini.com/gb-en/
certus,Certus Cybersecurity,https://www.certuscyber.com
chaos-carnival,Chaos Carnival,https://www.harness.io/event/chaoscarnival?campaign_id=701Uw00000HTP1S&utm_source=sre-community&utm_medium=social
chaosiq,Chaos IQ,https://chaosiq.io
chaosnative,Chaos Native,https://www.chaosnative.com/
circleci1,CircleCi,https://circleci.com/
cloudinary,Cloudinary,https://cloudinary.rocks/jyu
cloudsmith,Cloudsmith,https://cloudsmith.com/?utm_source=conf_42&utm_medium=referral&utm_content=cloudsmith_homepage&utm_campaign=conf_42_python_event
cockroach,Cockroach Labs,https://www.cockroachlabs.com/
codecrafters,CodeCrafters,https://codecrafters.io/?r=2qF
compuzest,CompuZest,https://compuzest.com/
container,Container Solutions,https://www.container-solutions.com/
contino,Contino,https://www.contino.io/ 
cortex,Cortex,https://www.cortex.io/
crowdsec,CrowdSec,https://crowdsec.net
crowdstrike,CrowdStrike,https://www.crowdstrike.com/
cyberark,CYBERARK,https://www.cyberark.com/
cybertec,Cybertec,https://www.cybertec-postgresql.com/en/
dasha,Dasha,https://dasha.ai/en-us
datadog,DataDog,https://www.datadoghq.com/
datadoubleconfirm,Data Double Confirm,https://projectosyo.wixsite.com/datadoubleconfirm
datree,Datree,https://www.datree.io/
debugagent,Debugagent,https://youtube.com/@debugagent
deliveryhero,Delivery Hero,https://careers.deliveryhero.com/deliveryhero-jobs
devitjobs,Dev It Jobs,https://devitjobs.uk/
devops_tlv,Devops Community TLV,https://tlvcommunity.dev/
digitalcatapult,Digital Catapult,https://www.digicatapult.org.uk/apply/open-calls/opportunity/quantum-technology-access-programme/
digma,Digma,https://digma.ai/
dimensigon,Dimensigon,https://www.dimensigon.com/
docker,Docker,https://www.docker.com/
dois,DevOps India Summit,https://devopsindiasummit.com/
dolby,Dolby,https://dolby.io/
driftctl,Driftctl,https://driftctl.com/
earthly,Earthly,https://earthly.dev/
ecarx,ECARX,https://www.ecarxgroup.com/
edgee,Edgee,https://www.edgee.cloud/
effx,effx.com,https://www.effx.com
eficode,Eficode,https://hubs.li/Q01sqjR80
elastic,elastic,https://www.elastic.co
element84,Element84,https://www.element84.com
elipzis,Elipzis,https://elipzis.com
endava,Endava,https://www.endava.com/
endorlabs,Endor Labs,https://www.endorlabs.com/endor-labs-demo-request
env0,Env0,https://www.env0.com/
envato,Envato,https://envato.com/about/careers/ 
epam,<EPAM>,https://careers.epam-poland.pl
equimaps,Equimaps,https://www.crosscountryapp.com/
ergomake,Ergomake,https://ergomake.dev/
evolute,Evolute,https://www.evolute.io/
factory,The Factory,https://www.thefactory.nl/
fairwinds,Fairwinds,https://www.fairwinds.com/
fermyon,Fermyon,https://developer.fermyon.com/
finwave,Finwave,https://www.finwave.it/en
finwave,Finwave,https://www.finwave.it/en
firehydrant,FireHydrant,https://firehydrant.io
fleet,Fleet,https://fleetdm.com/
form3,Form3,https://www.form3.tech/
formidable,Formidable,https://formidable.com/?utm_source=Conf42&utm_medium=logo&utm_campaign=conf42
forte,Forte Group,https://fortegrp.com/
fourtheorem,fourTheorem,https://fourtheorem.com/
fugue,Fugue,https://www.fugue.co/conf42
gcore,G-Core Labs,https://gcore.com/
gdprwise,GDPRwise,https://gdprwise.eu/
gitguardian,GitGuardian,https://www.gitguardian.com/
github,GitHub,https://github.com/enterprise
gitlab,GitLab,https://about.gitlab.com/
globant,Globant,https://bit.ly/3pYFWRA
glorium,Glorium Technologies,https://gloriumtech.com/
gocardless,GoCardless,https://gocardless.com
google,Google,https://sre.google
grafanalabs,Grafana Labs,https://grafana.com/
gremlin,Gremlin,https://www.gremlin.com
groundcover,Groundcover,https://www.groundcover.com/
harness,Harness,https://www.harness.io/
hazelcast,Hazelcast,https://hazelcast.com
hockeystick,HockeyStick,https://www.hockeystick.show/
honeycomb,Honeycomb,https://www.honeycomb.io/
huggingface,Hugging Face,https://huggingface.co/inference-api
human,Human,https://www.humansecurity.com/
icon_outlook,Icon Outlook,https://iconoutlook.com/
ifood,iFood,https://www.ifood.com.br/
imply,Imply,https://imply.io/
incident,Incident,https://incident.io/?utm_source=conf42-im&utm_medium=sponsors+page
influxdata,InfluxData,https://www.influxdata.com/
infosec,Infosec Conferences,https://infosec-conferences.com
insidedev,[ Inside Dev ],https://inside.com/dev?utm_source=conf_spons&utm_medium=promo&utm_campaign=go_systems_conf 
inspearit,Inspearit,https://inspearit.it/
intelekt,Intelekt AI,https://www.getintelekt.ai/
it-schulungen,IT Schulungen,https://www.it-schulungen.com/
jeli,Jeli,https://www.jeli.io/
jetbrains,Jet Brains,https://www.jetbrains.com
jetstack,Jetstack by Venafi,https://www.jetstack.io/
jfrog,JFrog,https://jfrog.com/advanced-security/?utm_source=event-page&utm_medium=jfrog-logo&utm_campaign=conference-42&utm_term=event
jit,Jit,https://www.jit.io
jozu,Jozu,https://jozu.com/
juni,Juni,https://junilearning.com/blog/coding-projects/how-to-make-calculator-in-python//
k6,K6,https://k6.io/
kern,Kern.ai,https://www.kern.ai/
keyhole,Keyhole Software,https://keyholesoftware.com/
kloudfuse,Kloudfuse,https://www.kloudfuse.com/try-it-out
kmmx,KMMX,https://kmmx.mx
komodor,Komodor,https://komodor.com/
kong,Kong,https://konghq.com/
kube_careers,Kube Careers,https://kube.careers/
kube_events,Kube Events,https://kube.events/
kulkul,Kulkul Technology,https://kulkul.tech
kusho,Kusho AI,https://kusho.ai/?kusho_ref=conf42
last9,Last9.io,https://last9.io
lbke,LBKE,https://www.lbke.fr/
lightrun,Lightrun,https://lightrun.com/
lightstep,Lightstep,https://lightstep.com
liquidreply,Liquid Reply,https://www.reply.com/liquid-reply/it/
llmday,LLMday,https://llmday.com/
locelle,Locelle,https://locelle.com
logz,Logz.io,https://logz.io
lumigo,Lumigo,https://lumigo.io/?utm_source=conf42
magic,Magic,https://magic.link
manning,Manning Publications,https://www.manning.com
mariadb,MariaDB,https://mariadb.com/
mattermost,Mattermost,https://mattermost.com/
mayadata,MayaData,https://mayadata.io
media7,Media 7,https://media7.com/
memphisdev,Memphis.dev,https://memphis.dev
metacube,Metacube,https://europe.metacube.com/#home
metasnake,MetaSnake,https://www.metasnake.com/
meteorops,MeteorOps,https://meteorops.com/
metis,Metis Data,https://www.metisdata.io/
microapis,Microapis,https://microapis.io
microsoft,Microsoft,https://www.microsoft.com/en-ie/
mitigant,Mitigant,https://www.mitigant.io/
mitigant,Mitigant,https://mitigant.io/home
mongodb,MongoDB,https://www.mongodb.com/atlas
mousepawmedia,MousePaw Media,https://mousepawmedia.com/
mulesoft,MuleSoft,https://www.mulesoft.com/
nannyml,NannyML,https://github.com/NannyML/nannyml
nearform,NearForm,https://www.nearform.com/
netdata,Netdata,https://www.netdata.cloud/
newelements,New Elements,https://newelements.de/
nofluffjobs,No Fluff Jobs,https://nofluffjobs.com/?utm_source=partner_website&utm_medium=logo&utm_campaign=patronage&utm_term=&utm_content=conf42
nownodes,NowNodes,https://nownodes.io/
nuaware,Nuaware,https://www.nuaware.com
nuworks,Nuworks Interactive Labs,https://ecommerce.nuworks.ph
o1,(0)1,https://o1labs.org/
okteto,Okteto,https://www.okteto.com/
openraven,Open Raven,https://www.openraven.com/
opsdrill,OpsDrill,https://opsdrill.com/
opsera,Opsera,https://www.opsera.io/
ordina,Ordina,https://www.ordina.be/en/
oreilly,O'Reilly,https://www.oreilly.com/
owledge,Owledge,https://theowledge.com/
packt,Packt,https://www.packtpub.com/
pagerduty,PagerDuty,https://www.pagerduty.com/
pathwayz,The Pathwayz Group,https://www.thepathwayzgroup.com
perfectscale,PerfectScale,https://www.perfectscale.io/
pinterest,Pinterest,https://www.pinterestcareers.com/job-search-results/?primary_category=IT
pixee,Pixee,https://www.pixee.ai/
plasmic,Plasmic,https://www.plasmic.app
polypane,Polypane,https://polypane.app
postman,Postman,https://www.postman.com/
practicaldevsecops,Practical DevSecOps,https://www.practical-devsecops.com/
prompt_engineering_conference,Prompt Engineering  Conference,https://promptengineering.rocks/
purpleteam,PurpleTeam,https://purpleteam-labs.com/
quadcode,QuadCode,https://quadcode.com/
qubit,Qubit,https://qubit-labs.com
qwinix,Qwinix,https://www.qwinix.io/
rapdev,RapDev,https://rapdev.io/
rapydo,Rapydo.io,https://www.rapydo.io/
rasayel,Rasayel,https://rasayel.io/
reach,Reach Platform,https://reach.sh/
redhat,Red Hat,https://www.redhat.com/
redwerk,Redwerk,https://redwerk.com
restorepoint,Restorepoint,https://www.restorepoint.com
restream,Restream,https://restre.am/59bA
rollbar,Rollbar,https://rollbar.com/signup/?utm=conf42
rookout,Rookout,https://www.rookout.com
rootly,Rootly,https://rootly.com/
semi,Semi Technologies,https://www.semi.technology/products/weaviate/index.html
senhasegura,Senhasegura,https://senhasegura.com/
similarweb,Silimarweb,https://www.similarweb.com/
singlestore,Singlestore,https://www.singlestore.com/
site24x7,Site24x7,https://www.site24x7.com/
sitecore,Sitecore,https://developers.sitecore.com/?utm_source=conference&utm_medium=presentation&utm_campaign=Conf42_CloudNative
skai,Skai,https://skai.io/
sleuth,Sleuth,https://www.sleuth.io
smartbear,SmartBear,https://smartbear.com/
smartnumbers,Smartnumbers,https://hubs.ly/Q016xG910
snyk,Snyk,https://snyk.co/conf24
socket,Socket,https://socket.dev
softrams,Softrams,https://www.softrams.com/
solace,Solace,https://solace.com/?utm_source=golang&utm_medium=referral&utm_content=website-banner-golang&utm_campaign=field_2022
solidjobs,SOLID jobs,https://solid.jobs/offers/it
sonarsource,SonarSource,https://www.sonarsource.com/
sorintlab,Sorint Lab,https://www.sorint.com/en/
spscommerce,SPS Commerce,https://www.spscommerce.com/about/
sreday,SREday,https://www.sreday.com/
stackbuilders,StackBuilders,https://www.stackbuilders.com/
stackpulse,StackPulse,https://stackpulse.com
starterai,StarterAI,https://www.starterai.dev/
steadybit,Steadybit,https://steadybit.com/
stepzen,StepZen,https://stepzen.com/
stormforge,Stormforge,https://www.stormforge.io/
storyblok,Storyblok,https://www.storyblok.com/
streamnative,StreamNative,https://streamnative.io/en/cloud/hosted
strongcrypto,Strong Crypto Innovations,https://www.strongcrypto.com/
styra,Styra,https://www.styra.com/das-free?utm_medium=direct&utm_source=tradeshow&utm_campaign=dmge&utm_content=conf42sre_event-tradeshow
superlinked,Superlinked,https://superlinked.com/?ref=conf42
surrealdb,SurrealDB,https://surrealdb.com/
sveltos,Sveltos,https://projectsveltos.github.io/sveltos/
syntasso,Syntasso,https://www.syntasso.io/
sysdig,Sysdig,https://sysdig.com/
teamcore,Teamcore,https://www.youtube.com/watch?v=7YwcDJrgck4
teamland,Teamland,https://www.ourteamland.com/
techevents,Tech Events Online,https://www.techevents.online
telemetryhub,TelemetryHub,https://ter.li/m8p5qz
teleport,Teleport,https://goteleport.com/
tential,Tential,http://www.tential.com/
terminusdb,TerminusDB,https://terminusdb.com/
testcoders,TestCoders,https://testcoders.nl/
testingil,TestinGil,https://www.everydayunittesting.com/
thenewstack,The New Stack,https://thenewstack.io
theodo,Theodo,https://www.theodo.co.uk
thinkevolve,ThinkEvolveConsulting,https://www.thinkevolveconsulting.com
tracetest,Tracetest,https://tracetest.io/
trendmicro,Trend Micro,https://www.trendmicro.com/en_gb/business.html
trivadis,Trivadiis,https://www.trivadis.com/en/index.html
twimbit,Twimbit,https://twimbit.com/
typeform,Typeform,https://try.typeform.com/home/?&tf_campaign=brand_9730468537_v2&tf_source=google&tf_medium=paid&tf_content=99905189739_531239628130&tf_term=typeform&tf_dv=c&tf_matchtype=e&tf_adposition=&gclid=CjwKCAjw7fuJBhBdEiwA2lLMYXFZrOJqw9ZSfczU-9CqK3Hhiyjia35dBvc_KKq_y3eiehHwyjuHlBoCc_gQAvD_BwE&gclsrc=aw.ds
typingdna,Typingdna,https://www.typingdna.com/?utm_term=typingdna&utm_campaign=Keystroke+dynamics&utm_source=adwords&utm_medium=ppc&hsa_tgt=kwd-1192095217658&hsa_grp=120400322538&hsa_src=g&hsa_net=adwords&hsa_mt=e&hsa_ver=3&hsa_ad=505229901575&hsa_acc=1252572295&hsa_kw=typingdna&hsa_cam=11645696150&gclid=CjwKCAjwruSHBhAtEiwA_qCppsgY96V98u2tyM4pXcXFP0I9eUeMKvPdHPnmwVgbyHaRxRhC1Y9MyRoCfLIQAvD_BwE
unpack,unpack.tech,https://www.unpack.tech/
unskript,unSkript,https://unskript.com/
uptimelabs,Uptime Labs,https://uptimelabs.io/
versatiledatakit,Versatile Data Kit,https://github.com/vmware/versatile-data-kit
vihat technologies,Vihat Technologies,https://vihattechnologies.com/
vmblog,VMBlog,https://vmblog.com
wescale,WeScale,https://www.wescale.fr/
westwing,Westwing,https://www.westwing.com/home/
wsei,College of Economics and Computer Science - Krakow,https://en.wsei.edu.pl/
xebia,Xebia,https://xebia.com/
ydb,YDB,https://ydb.tech/?utm_source=conf42
zapata,Zapata Computing,http://zapatacomputing.com
zenduty,Zenduty,http://www.zenduty.com/
zeti,Zeti,https://zeti.co.uk/
zuhlke,Zuhlke,https://www.zuehlke.com/en
zuplo,Zuplo,https://zuplo.com/